<?xml version="1.0" encoding="UTF-8" standalone="yes"?>
<?mso-application progid="Word.Document"?><w:wordDocument xmlns:w="http://schemas.microsoft.com/office/word/2003/wordml" xmlns:wx="http://schemas.microsoft.com/office/word/2003/auxHint" xmlns:o="urn:schemas-microsoft-com:office:office" xmlns:aml="http://schemas.microsoft.com/aml/2001/core" xmlns:dt="uuid:C2F41010-65B3-11d1-A29F-00AA00C14882" xmlns:v="urn:schemas-microsoft-com:vml" xmlns:w10="urn:schemas-microsoft-com:office:word" xmlns:number="urn:oasis:names:tc:opendocument:xmlns:datastyle:1.0" xml:space="preserve" w:embeddedObjPresent="no">
            <o:DocumentProperties xmlns:fo="urn:oasis:names:tc:opendocument:xmlns:xsl-fo-compatible:1.0"><o:Title/><o:Subject/><o:Keywords/><o:Description/><o:Category/><o:Author/><o:LastAuthor/><o:Manager/><o:Company/><o:HyperlinkBase/><o:Revision>1</o:Revision><o:TotalTime>0</o:TotalTime><o:LastPrinted/><o:Created>2024-09-11T17:18:11.525000000Z</o:Created><o:LastSaved>2024-09-11T17:18:53.706000000Z</o:LastSaved><o:Pages>1</o:Pages><o:Words>1</o:Words><o:Characters>4</o:Characters><o:Paragraphs>1</o:Paragraphs></o:DocumentProperties><o:CustomDocumentProperties xmlns:fo="urn:oasis:names:tc:opendocument:xmlns:xsl-fo-compatible:1.0"><o:Editor dt:dt="string">LibreOffice/7.4.2.3$Windows_X86_64 LibreOffice_project/382eef1f22670f7f4118c8c2dd222ec7ad009daf</o:Editor><o:Language dt:dt="string"/></o:CustomDocumentProperties>
            <w:fonts><w:defaultFonts w:ascii="" w:h-ansi="" w:fareast="" w:cs=""/><w:font w:name="Liberation Sans"><w:family w:val="Swiss"/><w:pitch w:val="variable"/></w:font><w:font w:name="Liberation Serif"><w:family w:val="Roman"/><w:pitch w:val="variable"/></w:font><w:font w:name="Lucida Sans"><w:family w:val="Swiss"/><w:pitch w:val=""/></w:font><w:font w:name="Lucida Sans1"><w:family w:val="System"/><w:pitch w:val="variable"/></w:font><w:font w:name="Microsoft YaHei"><w:family w:val="System"/><w:pitch w:val="variable"/></w:font><w:font w:name="NSimSun"><w:family w:val="System"/><w:pitch w:val="variable"/></w:font></w:fonts>
            
                <w:lists xmlns:fo="urn:oasis:names:tc:opendocument:xmlns:xsl-fo-compatible:1.0"><w:listDef w:listDefId="0"><w:lvl w:ilvl="0"><w:start w:val="1"/><w:nfc w:val="255"/><w:lvlText w:val="%1"/><w:lvlJc w:val="left"/><w:suff w:val="Nothing"/></w:lvl><w:lvl w:ilvl="1"><w:start w:val="1"/><w:nfc w:val="255"/><w:lvlText w:val="%2"/><w:lvlJc w:val="left"/><w:suff w:val="Nothing"/></w:lvl><w:lvl w:ilvl="2"><w:start w:val="1"/><w:nfc w:val="255"/><w:lvlText w:val="%3"/><w:lvlJc w:val="left"/><w:suff w:val="Nothing"/></w:lvl><w:lvl w:ilvl="3"><w:start w:val="1"/><w:nfc w:val="255"/><w:lvlText w:val="%4"/><w:lvlJc w:val="left"/><w:suff w:val="Nothing"/></w:lvl><w:lvl w:ilvl="4"><w:start w:val="1"/><w:nfc w:val="255"/><w:lvlText w:val="%5"/><w:lvlJc w:val="left"/><w:suff w:val="Nothing"/></w:lvl><w:lvl w:ilvl="5"><w:start w:val="1"/><w:nfc w:val="255"/><w:lvlText w:val="%6"/><w:lvlJc w:val="left"/><w:suff w:val="Nothing"/></w:lvl><w:lvl w:ilvl="6"><w:start w:val="1"/><w:nfc w:val="255"/><w:lvlText w:val="%7"/><w:lvlJc w:val="left"/><w:suff w:val="Nothing"/></w:lvl><w:lvl w:ilvl="7"><w:start w:val="1"/><w:nfc w:val="255"/><w:lvlText w:val="%8"/><w:lvlJc w:val="left"/><w:suff w:val="Nothing"/></w:lvl><w:lvl w:ilvl="8"><w:start w:val="1"/><w:nfc w:val="255"/><w:lvlText w:val="%9"/><w:lvlJc w:val="left"/><w:suff w:val="Nothing"/></w:lvl></w:listDef><w:list w:ilfo="1"><w:ilst w:val="0"/></w:list></w:lists>
            
            <w:styles>
                <w:style w:styleId="default-paragraph-style" w:type="paragraph" w:default="on"><w:name w:val="default-paragraph-style"/><w:pPr xmlns:fo="urn:oasis:names:tc:opendocument:xmlns:xsl-fo-compatible:1.0"><w:adjustRightInd w:val="off"/><w:spacing/><w:ind/><w:widowControl w:val="on"/><w:pBdr/><w:ind/></w:pPr><w:rPr xmlns:fo="urn:oasis:names:tc:opendocument:xmlns:xsl-fo-compatible:1.0"><w:rFonts w:ascii="Liberation Serif" w:h-ansi="Liberation Serif" w:fareast="NSimSun" w:cs="Lucida Sans1"/><w:sz w:val="24"/><w:lang w:val="es-ES"/></w:rPr></w:style><w:style w:styleId="default-table-style" w:type="table" w:default="on"><w:name w:val="default-table-style"/><w:tblPr><w:tblInd xmlns:fo="urn:oasis:names:tc:opendocument:xmlns:xsl-fo-compatible:1.0" w:w="0" w:type="auto"/></w:tblPr></w:style><w:style w:styleId="Standard" w:type="paragraph"><w:basedOn w:val="default-paragraph-style"/><w:name w:val="Standard"/></w:style><w:style w:styleId="Heading" w:type="paragraph"><w:basedOn w:val="Standard"/><w:name w:val="Heading"/><w:next w:val="Text_20_body"/><w:pPr xmlns:fo="urn:oasis:names:tc:opendocument:xmlns:xsl-fo-compatible:1.0"><w:adjustRightInd w:val="off"/><w:spacing w:before="239.841" w:after="120.204"/><w:ind/><w:widowControl w:val="off"/><w:pBdr/><w:ind/></w:pPr><w:rPr xmlns:fo="urn:oasis:names:tc:opendocument:xmlns:xsl-fo-compatible:1.0"><w:rFonts w:ascii="Liberation Sans" w:h-ansi="Liberation Sans" w:fareast="Microsoft YaHei" w:cs="Lucida Sans1"/><w:sz w:val="28"/></w:rPr></w:style><w:style w:styleId="Text_20_body" w:type="paragraph"><w:basedOn w:val="Standard"/><w:name w:val="Text_20_body"/><w:pPr xmlns:fo="urn:oasis:names:tc:opendocument:xmlns:xsl-fo-compatible:1.0"><w:adjustRightInd w:val="off"/><w:spacing w:line-rule="auto" w:line="276" w:before="0" w:after="140.049"/><w:ind/><w:widowControl w:val="off"/><w:pBdr/><w:ind/></w:pPr></w:style><w:style w:styleId="List" w:type="paragraph"><w:basedOn w:val="Text_20_body"/><w:name w:val="List"/><w:rPr xmlns:fo="urn:oasis:names:tc:opendocument:xmlns:xsl-fo-compatible:1.0"><w:rFonts w:cs="Lucida Sans"/></w:rPr></w:style><w:style w:styleId="Caption" w:type="paragraph"><w:basedOn w:val="Standard"/><w:name w:val="Caption"/><w:pPr xmlns:fo="urn:oasis:names:tc:opendocument:xmlns:xsl-fo-compatible:1.0"><w:adjustRightInd w:val="off"/><w:spacing w:before="120.204" w:after="120.204"/><w:ind/><w:widowControl w:val="off"/><w:suppressLineNumbers/><w:pBdr/><w:ind/></w:pPr><w:rPr xmlns:fo="urn:oasis:names:tc:opendocument:xmlns:xsl-fo-compatible:1.0"><w:rFonts w:cs="Lucida Sans"/><w:sz w:val="24"/><w:i/></w:rPr></w:style><w:style w:styleId="Index" w:type="paragraph"><w:basedOn w:val="Standard"/><w:name w:val="Index"/><w:pPr xmlns:fo="urn:oasis:names:tc:opendocument:xmlns:xsl-fo-compatible:1.0"><w:adjustRightInd w:val="off"/><w:spacing/><w:ind/><w:widowControl w:val="off"/><w:suppressLineNumbers/><w:pBdr/><w:ind/></w:pPr><w:rPr xmlns:fo="urn:oasis:names:tc:opendocument:xmlns:xsl-fo-compatible:1.0"><w:rFonts w:cs="Lucida Sans"/><w:lang w:val="zxx-none"/></w:rPr></w:style>
                <w:style w:styleId="P1" w:type="paragraph"><w:basedOn w:val="Standard"/><w:name w:val="P1"/><w:hidden w:val="on"/><w:rPr xmlns:fo="urn:oasis:names:tc:opendocument:xmlns:xsl-fo-compatible:1.0"/></w:style>
                <w:style xmlns:fo="urn:oasis:names:tc:opendocument:xmlns:xsl-fo-compatible:1.0" w:type="character" w:styleId="Hyperlink"><w:name w:val="Hyperlink"/><w:rsid w:val="006A55B0"/><w:rPr><w:color w:val="000080"/><w:u w:val="single"/></w:rPr></w:style><w:style xmlns:fo="urn:oasis:names:tc:opendocument:xmlns:xsl-fo-compatible:1.0" w:type="character" w:styleId="FollowedHyperlink"><w:name w:val="FollowedHyperlink"/><w:rsid w:val="006A55B0"/><w:rPr><w:color w:val="800000"/><w:u w:val="single"/></w:rPr></w:style>
                
                <w:style xmlns:fo="urn:oasis:names:tc:opendocument:xmlns:xsl-fo-compatible:1.0" w:type="character" w:styleId="CommentReference"><w:name w:val="annotation reference"/><w:basedOn w:val="DefaultParagraphFont"/><w:semiHidden/><w:rsid w:val="007770B7"/><w:rPr><w:sz w:val="16"/><w:sz-cs w:val="16"/></w:rPr></w:style><w:style xmlns:fo="urn:oasis:names:tc:opendocument:xmlns:xsl-fo-compatible:1.0" w:type="paragraph" w:styleId="CommentText"><w:name w:val="annotation text"/><w:basedOn w:val="Normal"/><w:semiHidden/><w:rsid w:val="007770B7"/><w:pPr><w:pStyle w:val="CommentText"/></w:pPr><w:rPr><w:sz w:val="20"/><w:sz-cs w:val="20"/></w:rPr></w:style><w:style xmlns:fo="urn:oasis:names:tc:opendocument:xmlns:xsl-fo-compatible:1.0" w:type="paragraph" w:styleId="CommentSubject"><w:name w:val="annotation subject"/><w:basedOn w:val="CommentText"/><w:next w:val="CommentText"/><w:semiHidden/><w:rsid w:val="007770B7"/><w:pPr><w:pStyle w:val="CommentSubject"/></w:pPr><w:rPr><w:b/><w:b-cs/></w:rPr></w:style>
                
            </w:styles>
            
            <w:docPr xmlns:fo="urn:oasis:names:tc:opendocument:xmlns:xsl-fo-compatible:1.0"><w:displayBackgroundShape/><w:view w:val="print"/><w:zoom w:percent=""/><w:defaultTabStop w:val="709.317"/><w:docVars/></w:docPr>
            <w:body><w:p xmlns:fo="urn:oasis:names:tc:opendocument:xmlns:xsl-fo-compatible:1.0"><w:pPr><w:pStyle w:val="P1"/></w:pPr><w:r><w:t>Hola</w:t></w:r></w:p><w:sectPr><w:type w:val="next-page"/><w:pgSz xmlns:fo="urn:oasis:names:tc:opendocument:xmlns:xsl-fo-compatible:1.0" w:w="11907.5672" w:h="16839.9003" w:orient="portrait"/><w:pgMar xmlns:fo="urn:oasis:names:tc:opendocument:xmlns:xsl-fo-compatible:1.0" w:top="1134" w:bottom="1134" w:left="1134" w:gutter="0" w:right="1134"/><w:pgBorders xmlns:fo="urn:oasis:names:tc:opendocument:xmlns:xsl-fo-compatible:1.0" w:offset-from="text"/></w:sectPr></w:body>
        </w:wordDocument>